timeStamp,elapsed,label,responseCode,responseMessage,threadName,dataType,success,failureMessage,bytes,sentBytes,grpThreads,allThreads,URL,Latency,IdleTime,Connect
1548170945717,258,HTTP Request Pagina Piccola,200,OK,Thread Group 1-4,text,true,,29275,133,30,30,http://192.168.1.172/Instagramlogin.html,132,0,57
1548170945738,292,HTTP Request Pagina Piccola,200,OK,Thread Group 1-5,text,true,,29275,133,30,30,http://192.168.1.172/Instagramlogin.html,156,0,52
1548170945784,1248,HTTP Request Pagina MedioPiccola,200,OK,Thread Group 1-11,text,true,,114344,128,30,30,http://192.168.1.172/FrancoCFA.html,191,0,77
1548170945841,1718,HTTP Request Pagina MedioPiccola,200,OK,Thread Group 1-16,text,true,,114344,128,30,30,http://192.168.1.172/FrancoCFA.html,400,0,92
1548170945897,1813,HTTP Request Pagina MedioPiccola,200,OK,Thread Group 1-21,text,true,,114344,128,30,30,http://192.168.1.172/FrancoCFA.html,376,0,109
1548170945968,2216,HTTP Request Pagina MedioPiccola,200,OK,Thread Group 1-30,text,true,,114344,128,30,30,http://192.168.1.172/FrancoCFA.html,643,0,273
1548170945687,2983,HTTP Request Pagina Media,200,OK,Thread Group 1-2,text,true,,470258,125,30,30,http://192.168.1.172/Amazon.html,39,0,16
1548170946242,2448,HTTP Request Pagina MedioPiccola,200,OK,Thread Group 1-5,text,true,,114344,128,30,30,http://192.168.1.172/FrancoCFA.html,866,0,351
1548170945709,3496,HTTP Request Pagina Media,200,OK,Thread Group 1-3,text,true,,470258,125,30,30,http://192.168.1.172/Amazon.html,53,0,20
1548170945763,4676,HTTP Request Pagina Media,200,OK,Thread Group 1-9,text,true,,470258,125,30,30,http://192.168.1.172/Amazon.html,121,0,36
1548170947562,2880,HTTP Request Pagina MedioPiccola,200,OK,Thread Group 1-16,text,true,,114344,128,30,30,http://192.168.1.172/FrancoCFA.html,1003,0,528
1548170945769,4966,HTTP Request Pagina Media,200,OK,Thread Group 1-10,text,true,,470258,125,30,30,http://192.168.1.172/Amazon.html,143,0,46
1548170945804,5081,HTTP Request Pagina Media,200,OK,Thread Group 1-12,text,true,,470258,125,30,30,http://192.168.1.172/Amazon.html,159,0,66
1548170945874,5073,HTTP Request Pagina Media,200,OK,Thread Group 1-20,text,true,,470258,125,30,30,http://192.168.1.172/Amazon.html,245,0,70
1548170945864,5099,HTTP Request Pagina Media,200,OK,Thread Group 1-19,text,true,,470258,125,30,30,http://192.168.1.172/Amazon.html,253,0,80
1548170945816,5175,HTTP Request Pagina Media,200,OK,Thread Group 1-13,text,true,,470258,125,30,30,http://192.168.1.172/Amazon.html,304,0,117
1548170945904,5476,HTTP Request Pagina Media,200,OK,Thread Group 1-24,text,true,,470258,125,30,30,http://192.168.1.172/Amazon.html,431,0,148
1548170945679,6789,HTTP Request Pagina MedioGrande,200,OK,Thread Group 1-1,text,true,,1498246,127,30,30,http://192.168.1.172/Facebook.html,24,0,10
1548170946238,6373,HTTP Request Pagina Media,200,OK,Thread Group 1-4,text,true,,470258,125,30,30,http://192.168.1.172/Amazon.html,856,0,344
1548170950994,2405,HTTP Request Pagina Piccola,200,OK,Thread Group 1-13,text,true,,29275,133,30,30,http://192.168.1.172/Instagramlogin.html,1453,0,635
1548170945736,8609,HTTP Request Pagina MedioGrande,200,OK,Thread Group 1-6,text,true,,1498246,127,30,30,http://192.168.1.172/Facebook.html,123,0,41
1548170950443,4194,HTTP Request Pagina MedioPiccola,200,OK,Thread Group 1-16,text,true,,114344,128,30,30,http://192.168.1.172/FrancoCFA.html,1188,0,530
1548170945741,8918,HTTP Request Pagina MedioGrande,200,OK,Thread Group 1-7,text,true,,1498246,127,30,30,http://192.168.1.172/Facebook.html,132,0,56
1548170945752,8916,HTTP Request Pagina MedioGrande,200,OK,Thread Group 1-8,text,true,,1498246,127,30,30,http://192.168.1.172/Facebook.html,142,0,46
1548170950890,4856,HTTP Request Pagina MedioPiccola,200,OK,Thread Group 1-12,text,true,,114344,128,30,30,http://192.168.1.172/FrancoCFA.html,1384,0,629
1548170947713,9113,HTTP Request Pagina Media,200,OK,Thread Group 1-21,text,true,,470258,125,30,30,http://192.168.1.172/Amazon.html,1029,0,496
1548170948187,8969,HTTP Request Pagina Media,200,OK,Thread Group 1-30,text,true,,470258,125,30,30,http://192.168.1.172/Amazon.html,1098,0,509
1548170945846,12145,HTTP Request Pagina MedioGrande,200,OK,Thread Group 1-14,text,true,,1498246,127,30,30,http://192.168.1.172/Facebook.html,263,0,88
1548170945860,12396,HTTP Request Pagina MedioGrande,200,OK,Thread Group 1-17,text,true,,1498246,127,30,30,http://192.168.1.172/Facebook.html,262,0,83
1548170945856,12604,HTTP Request Pagina MedioGrande,200,OK,Thread Group 1-18,text,true,,1498246,127,30,30,http://192.168.1.172/Facebook.html,261,0,79
1548170945936,12958,HTTP Request Pagina MedioGrande,200,OK,Thread Group 1-26,text,true,,1498246,127,30,30,http://192.168.1.172/Facebook.html,450,0,163
1548170945910,13109,HTTP Request Pagina MedioGrande,200,OK,Thread Group 1-22,text,true,,1498246,127,30,30,http://192.168.1.172/Facebook.html,474,0,153
1548170945911,13110,HTTP Request Pagina MedioGrande,200,OK,Thread Group 1-25,text,true,,1498246,127,30,30,http://192.168.1.172/Facebook.html,473,0,151
1548170945940,13164,HTTP Request Pagina MedioGrande,200,OK,Thread Group 1-28,text,true,,1498246,127,30,30,http://192.168.1.172/Facebook.html,449,0,159
1548170952470,7842,HTTP Request Pagina MedioPiccola,200,OK,Thread Group 1-1,text,true,,114344,128,30,30,http://192.168.1.172/FrancoCFA.html,2165,0,939
1548170952612,8710,HTTP Request Pagina MedioPiccola,200,OK,Thread Group 1-4,text,true,,114344,128,30,30,http://192.168.1.172/FrancoCFA.html,2173,0,962
1548170947096,15700,HTTP Request Pagina MedioGrande,200,OK,Thread Group 1-11,text,true,,1498246,127,30,30,http://192.168.1.172/Facebook.html,1048,0,496
1548170950949,13616,HTTP Request Pagina Media,200,OK,Thread Group 1-20,text,true,,470258,125,30,30,http://192.168.1.172/Amazon.html,1401,0,599
1548170945830,21728,HTTP Request Immagine,200,OK,Thread Group 1-15,bin,true,,5266772,138,30,30,http://192.168.1.172/Sample-jpg-image-5mb.jpg,269,0,103
1548170954346,13500,HTTP Request Pagina Piccola,200,OK,Thread Group 1-6,text,true,,29275,133,30,30,http://192.168.1.172/Instagramlogin.html,3764,0,1388
1548170945892,22261,HTTP Request Immagine,200,OK,Thread Group 1-23,bin,true,,5266772,138,30,30,http://192.168.1.172/Sample-jpg-image-5mb.jpg,379,0,112
1548170948673,19502,HTTP Request Pagina MedioGrande,200,OK,Thread Group 1-2,text,true,,1498246,127,30,30,http://192.168.1.172/Facebook.html,1118,0,553
1548170954664,13663,HTTP Request Pagina Piccola,200,OK,Thread Group 1-7,text,true,,29275,133,30,30,http://192.168.1.172/Instagramlogin.html,3826,0,1858
1548170949210,19857,HTTP Request Pagina MedioGrande,200,OK,Thread Group 1-3,text,true,,1498246,127,30,30,http://192.168.1.172/Facebook.html,1281,0,540
1548170945942,23137,HTTP Request Immagine,200,OK,Thread Group 1-29,bin,true,,5266772,138,30,30,http://192.168.1.172/Sample-jpg-image-5mb.jpg,668,0,301
1548170948692,20425,HTTP Request Pagina MedioGrande,200,OK,Thread Group 1-5,text,true,,1498246,127,30,30,http://192.168.1.172/Facebook.html,1138,0,583
1548170945932,23194,HTTP Request Immagine,200,OK,Thread Group 1-27,bin,true,,5266772,138,30,30,http://192.168.1.172/Sample-jpg-image-5mb.jpg,454,0,167
1548170953400,15961,HTTP Request Pagina MedioPiccola,200,OK,Thread Group 1-13,text,true,,114344,128,30,30,http://192.168.1.172/FrancoCFA.html,2488,0,1199
1548170956829,13116,HTTP Request Pagina Piccola,200,OK,Thread Group 1-21,text,true,,29275,133,30,30,http://192.168.1.172/Instagramlogin.html,4320,0,1788
1548170950738,19409,HTTP Request Pagina MedioGrande,200,OK,Thread Group 1-10,text,true,,1498246,127,30,30,http://192.168.1.172/Facebook.html,1294,0,591
1548170951382,19188,HTTP Request Pagina MedioGrande,200,OK,Thread Group 1-24,text,true,,1498246,127,30,30,http://192.168.1.172/Facebook.html,1535,0,698
1548170967559,3502,HTTP Request Pagina Piccola,200,OK,Thread Group 1-15,text,true,,29275,133,30,30,http://192.168.1.172/Instagramlogin.html,2502,0,1574
1548170967847,3282,HTTP Request Pagina Piccola,200,OK,Thread Group 1-6,text,true,,29275,133,30,30,http://192.168.1.172/Instagramlogin.html,2353,0,1453
1548170968177,3099,HTTP Request Pagina Piccola,200,OK,Thread Group 1-2,text,true,,29275,133,30,30,http://192.168.1.172/Instagramlogin.html,2225,0,1318
1548170969118,3808,HTTP Request Pagina Piccola,200,OK,Thread Group 1-5,text,true,,29275,133,30,30,http://192.168.1.172/Instagramlogin.html,1886,0,868
1548170957993,15162,HTTP Request Pagina MedioPiccola,200,OK,Thread Group 1-14,text,true,,114344,128,30,30,http://192.168.1.172/FrancoCFA.html,4137,0,1448
1548170958257,14983,HTTP Request Pagina MedioPiccola,200,OK,Thread Group 1-17,text,true,,114344,128,30,30,http://192.168.1.172/FrancoCFA.html,4069,0,1343
1548170958463,14807,HTTP Request Pagina MedioPiccola,200,OK,Thread Group 1-18,text,true,,114344,128,30,30,http://192.168.1.172/FrancoCFA.html,4087,0,2375
1548170969947,4026,HTTP Request Pagina Piccola,200,OK,Thread Group 1-21,text,true,,29275,133,30,30,http://192.168.1.172/Instagramlogin.html,1946,0,961
1548170959022,15421,HTTP Request Pagina MedioPiccola,200,OK,Thread Group 1-25,text,true,,114344,128,30,30,http://192.168.1.172/FrancoCFA.html,4555,0,2626
1548170968329,6480,HTTP Request Pagina MedioPiccola,200,OK,Thread Group 1-7,text,true,,114344,128,30,30,http://192.168.1.172/FrancoCFA.html,2123,0,1236
1548170950965,23961,HTTP Request Immagine,200,OK,Thread Group 1-19,bin,true,,5266772,138,30,30,http://192.168.1.172/Sample-jpg-image-5mb.jpg,1376,0,589
1548170950440,24567,HTTP Request Immagine,200,OK,Thread Group 1-9,bin,true,,5266772,138,30,30,http://192.168.1.172/Sample-jpg-image-5mb.jpg,1190,0,534
1548170970571,4439,HTTP Request Pagina Piccola,200,OK,Thread Group 1-24,text,true,,29275,133,30,30,http://192.168.1.172/Instagramlogin.html,2882,0,781
1548170961324,13762,HTTP Request Pagina MedioPiccola,200,OK,Thread Group 1-4,text,true,,114344,128,30,30,http://192.168.1.172/FrancoCFA.html,5246,0,1846
1548170954639,20716,HTTP Request Pagina Media,200,OK,Thread Group 1-16,text,true,,470258,125,30,30,http://192.168.1.172/Amazon.html,3470,0,1263
1548170955748,20143,HTTP Request Pagina Media,200,OK,Thread Group 1-12,text,true,,470258,125,30,30,http://192.168.1.172/Amazon.html,3752,0,2336
1548170954670,21281,HTTP Request Pagina Media,200,OK,Thread Group 1-8,text,true,,470258,125,30,30,http://192.168.1.172/Amazon.html,3789,0,1852
1548170973157,2810,HTTP Request Pagina Piccola,200,OK,Thread Group 1-14,text,true,,29275,133,30,30,http://192.168.1.172/Instagramlogin.html,2258,0,1595
1548170975089,1669,HTTP Request Pagina Piccola,200,OK,Thread Group 1-4,text,true,,29275,133,30,30,http://192.168.1.172/Instagramlogin.html,1121,0,519
1548170971063,5929,HTTP Request Pagina Piccola,200,OK,Thread Group 1-15,text,true,,29275,133,30,30,http://192.168.1.172/Instagramlogin.html,3529,0,1895
1548170974445,3267,HTTP Request Pagina MedioPiccola,200,OK,Thread Group 1-25,text,true,,114344,128,30,30,http://192.168.1.172/FrancoCFA.html,1274,0,711
1548170972928,4856,HTTP Request Pagina Piccola,200,OK,Thread Group 1-5,text,true,,29275,133,30,30,http://192.168.1.172/Instagramlogin.html,2284,0,1547
1548170975954,2053,HTTP Request Pagina Piccola,200,OK,Thread Group 1-8,text,true,,29275,133,30,30,http://192.168.1.172/Instagramlogin.html,1207,0,503
1548170975358,3583,HTTP Request Pagina MedioPiccola,200,OK,Thread Group 1-16,text,true,,114344,128,30,30,http://192.168.1.172/FrancoCFA.html,1033,0,529
1548170971278,7690,HTTP Request Pagina MedioPiccola,200,OK,Thread Group 1-2,text,true,,114344,128,30,30,http://192.168.1.172/FrancoCFA.html,3487,0,1925
1548170969363,9661,HTTP Request Pagina Media,200,OK,Thread Group 1-13,text,true,,470258,125,30,30,http://192.168.1.172/Amazon.html,1810,0,869
1548170976760,2777,HTTP Request Pagina Piccola,200,OK,Thread Group 1-4,text,true,,29275,133,30,30,http://192.168.1.172/Instagramlogin.html,1767,0,797
1548170976994,2959,HTTP Request Pagina Piccola,200,OK,Thread Group 1-15,text,true,,29275,133,30,30,http://192.168.1.172/Instagramlogin.html,1849,0,840
1548170957158,23254,HTTP Request Pagina MedioGrande,200,OK,Thread Group 1-30,text,true,,1498246,127,30,30,http://192.168.1.172/Facebook.html,4442,0,1816
1548170962798,17787,HTTP Request Pagina Media,200,OK,Thread Group 1-11,text,true,,470258,125,30,30,http://192.168.1.172/Amazon.html,5939,0,3097
1548170959107,22065,HTTP Request Pagina MedioGrande,200,OK,Thread Group 1-28,text,true,,1498246,127,30,30,http://192.168.1.172/Facebook.html,4679,0,2646
1548170973242,10033,HTTP Request Pagina Media,200,OK,Thread Group 1-17,text,true,,470258,125,30,30,http://192.168.1.172/Amazon.html,2190,0,1577
1548170974929,8653,HTTP Request Pagina Media,200,OK,Thread Group 1-19,text,true,,470258,125,30,30,http://192.168.1.172/Amazon.html,1094,0,557
1548170960314,23291,HTTP Request Immagine,200,OK,Thread Group 1-1,bin,true,,5266772,138,30,30,http://192.168.1.172/Sample-jpg-image-5mb.jpg,4111,0,1816
1548170969127,15619,HTTP Request Pagina MedioGrande,200,OK,Thread Group 1-27,text,true,,1498246,127,30,30,http://192.168.1.172/Facebook.html,1885,0,860
1548170970148,17848,HTTP Request Pagina MedioGrande,200,OK,Thread Group 1-10,text,true,,1498246,127,30,30,http://192.168.1.172/Facebook.html,2884,0,942
1548170959021,31254,HTTP Request Immagine,200,OK,Thread Group 1-22,bin,true,,5266772,138,30,30,http://192.168.1.172/Sample-jpg-image-5mb.jpg,4537,0,2626
1548170973271,17263,HTTP Request Pagina Media,200,OK,Thread Group 1-18,text,true,,470258,125,30,30,http://192.168.1.172/Amazon.html,2161,0,1550
1548170979955,10612,HTTP Request Pagina MedioPiccola,200,OK,Thread Group 1-15,text,true,,114344,128,30,30,http://192.168.1.172/FrancoCFA.html,3090,0,1383
1548170968156,22947,HTTP Request Pagina MedioGrande,200,OK,Thread Group 1-23,text,true,,1498246,127,30,30,http://192.168.1.172/Facebook.html,2223,0,1310
1548170958896,34531,HTTP Request Immagine,200,OK,Thread Group 1-26,bin,true,,5266772,138,30,30,http://192.168.1.172/Sample-jpg-image-5mb.jpg,4475,0,2579
1548170969080,25036,HTTP Request Immagine,200,OK,Thread Group 1-29,bin,true,,5266772,138,30,30,http://192.168.1.172/Sample-jpg-image-5mb.jpg,1857,0,880
1548170978010,16730,HTTP Request Pagina Media,200,OK,Thread Group 1-8,text,true,,470258,125,30,30,http://192.168.1.172/Amazon.html,2106,0,1002
1548170974811,19938,HTTP Request Pagina MedioGrande,200,OK,Thread Group 1-7,text,true,,1498246,127,30,30,http://192.168.1.172/Facebook.html,1140,0,612
1548170980414,14850,HTTP Request Pagina Piccola,200,OK,Thread Group 1-30,text,true,,29275,133,30,30,http://192.168.1.172/Instagramlogin.html,3283,0,1421
1548170969068,26213,HTTP Request Immagine,200,OK,Thread Group 1-3,bin,true,,5266772,138,30,30,http://192.168.1.172/Sample-jpg-image-5mb.jpg,1840,0,876
1548170980587,14990,HTTP Request Pagina Piccola,200,OK,Thread Group 1-11,text,true,,29275,133,30,30,http://192.168.1.172/Instagramlogin.html,3338,0,1475
1548170975895,20566,HTTP Request Pagina MedioGrande,200,OK,Thread Group 1-12,text,true,,1498246,127,30,30,http://192.168.1.172/Facebook.html,1134,0,495
1548170979025,17563,HTTP Request Pagina MedioPiccola,200,OK,Thread Group 1-13,text,true,,114344,128,30,30,http://192.168.1.172/FrancoCFA.html,2528,0,1113
1548170975969,20752,HTTP Request Pagina MedioGrande,200,OK,Thread Group 1-14,text,true,,1498246,127,30,30,http://192.168.1.172/Facebook.html,1214,0,500
1548170973975,29620,HTTP Request Immagine,200,OK,Thread Group 1-21,bin,true,,5266772,138,30,30,http://192.168.1.172/Sample-jpg-image-5mb.jpg,1566,0,1081
1548170975011,28628,HTTP Request Immagine,200,OK,Thread Group 1-24,bin,true,,5266772,138,30,30,http://192.168.1.172/Sample-jpg-image-5mb.jpg,1012,0,483
1548170975008,28686,HTTP Request Immagine,200,OK,Thread Group 1-9,bin,true,,5266772,138,30,30,http://192.168.1.172/Sample-jpg-image-5mb.jpg,1019,0,486
1548170971131,33805,HTTP Request Immagine,200,OK,Thread Group 1-6,bin,true,,5266772,138,30,30,http://192.168.1.172/Sample-jpg-image-5mb.jpg,3460,0,1875
1548170990570,15870,HTTP Request Pagina Piccola,200,OK,Thread Group 1-15,text,true,,29275,133,30,30,http://192.168.1.172/Instagramlogin.html,5734,0,3880
1548170964566,42635,HTTP Request Immagine,200,OK,Thread Group 1-20,bin,true,,5266772,138,30,30,http://192.168.1.172/Sample-jpg-image-5mb.jpg,5260,0,3997
1548170981174,26179,HTTP Request Pagina Media,200,OK,Thread Group 1-28,text,true,,470258,125,30,30,http://192.168.1.172/Amazon.html,3664,0,1573
1548170977786,30735,HTTP Request Immagine,200,OK,Thread Group 1-5,bin,true,,5266772,138,30,30,http://192.168.1.172/Sample-jpg-image-5mb.jpg,2077,0,989
1548170983584,25427,HTTP Request Pagina MedioGrande,200,OK,Thread Group 1-19,text,true,,1498246,127,30,30,http://192.168.1.172/Facebook.html,4708,0,1823
1548170977714,31811,HTTP Request Immagine,200,OK,Thread Group 1-25,bin,true,,5266772,138,30,30,http://192.168.1.172/Sample-jpg-image-5mb.jpg,2088,0,1020
1548170990537,19019,HTTP Request Pagina MedioPiccola,200,OK,Thread Group 1-18,text,true,,114344,128,30,30,http://192.168.1.172/FrancoCFA.html,5718,0,3874
1548170978973,30971,HTTP Request Pagina MedioGrande,200,OK,Thread Group 1-2,text,true,,1498246,127,30,30,http://192.168.1.172/Facebook.html,2488,0,1104
1548170993428,16670,HTTP Request Pagina MedioPiccola,200,OK,Thread Group 1-26,text,true,,114344,128,30,30,http://192.168.1.172/FrancoCFA.html,5357,0,2219
1548170984748,25733,HTTP Request Pagina Media,200,OK,Thread Group 1-27,text,true,,470258,125,30,30,http://192.168.1.172/Amazon.html,5519,0,2466
1548170995579,15734,HTTP Request Pagina MedioPiccola,200,OK,Thread Group 1-11,text,true,,114344,128,30,30,http://192.168.1.172/FrancoCFA.html,5464,0,3090
1548171003598,9052,HTTP Request Pagina Piccola,200,OK,Thread Group 1-21,text,true,,29275,133,30,30,http://192.168.1.172/Instagramlogin.html,3349,0,1631
1548170996590,16061,HTTP Request Pagina MedioPiccola,200,OK,Thread Group 1-13,text,true,,114344,128,30,30,http://192.168.1.172/FrancoCFA.html,6331,0,3310
1548171003695,8974,HTTP Request Pagina Piccola,200,OK,Thread Group 1-9,text,true,,29275,133,30,30,http://192.168.1.172/Instagramlogin.html,3251,0,1571
1548170990276,23237,HTTP Request Pagina Media,200,OK,Thread Group 1-22,text,true,,470258,125,30,30,http://192.168.1.172/Amazon.html,5612,0,3852
1548170983609,31659,HTTP Request Pagina MedioGrande,200,OK,Thread Group 1-1,text,true,,1498246,127,30,30,http://192.168.1.172/Facebook.html,4744,0,1837
1548170979540,36307,HTTP Request Immagine,200,OK,Thread Group 1-4,bin,true,,5266772,138,30,30,http://192.168.1.172/Sample-jpg-image-5mb.jpg,2862,0,1301
1548170994117,22027,HTTP Request Pagina MedioGrande,200,OK,Thread Group 1-29,text,true,,1498246,127,30,30,http://192.168.1.172/Facebook.html,4968,0,1768
1548170978943,37604,HTTP Request Immagine,200,OK,Thread Group 1-16,bin,true,,5266772,138,30,30,http://192.168.1.172/Sample-jpg-image-5mb.jpg,2491,0,1118
1548171009014,7839,HTTP Request Pagina MedioPiccola,200,OK,Thread Group 1-19,text,true,,114344,128,30,30,http://192.168.1.172/FrancoCFA.html,2191,0,1022
1548171007354,9606,HTTP Request Pagina Piccola,200,OK,Thread Group 1-28,text,true,,29275,133,30,30,http://192.168.1.172/Instagramlogin.html,3193,0,2027
1548170996722,20749,HTTP Request Pagina Media,200,OK,Thread Group 1-14,text,true,,470258,125,30,30,http://192.168.1.172/Amazon.html,5895,0,3005
1548170995266,22614,HTTP Request Pagina Media,200,OK,Thread Group 1-30,text,true,,470258,125,30,30,http://192.168.1.172/Amazon.html,5174,0,2918
1548171006442,11652,HTTP Request Pagina MedioPiccola,200,OK,Thread Group 1-15,text,true,,114344,128,30,30,http://192.168.1.172/FrancoCFA.html,3097,0,2064
1548170994751,24124,HTTP Request Pagina Media,200,OK,Thread Group 1-7,text,true,,470258,125,30,30,http://192.168.1.172/Amazon.html,8897,0,1836
1548170994743,24157,HTTP Request Pagina Media,200,OK,Thread Group 1-8,text,true,,470258,125,30,30,http://192.168.1.172/Amazon.html,8905,0,1846
1548171010100,8935,HTTP Request Pagina Piccola,200,OK,Thread Group 1-26,text,true,,29275,133,30,30,http://192.168.1.172/Instagramlogin.html,2619,0,1162
1548171015848,3313,HTTP Request Pagina Piccola,200,OK,Thread Group 1-4,text,true,,29275,133,30,30,http://192.168.1.172/Instagramlogin.html,2153,0,1110
1548170987997,31241,HTTP Request Pagina MedioGrande,200,OK,Thread Group 1-10,text,true,,1498246,127,30,30,http://192.168.1.172/Facebook.html,6600,0,2810
1548171004937,16795,HTTP Request Pagina MedioGrande,200,OK,Thread Group 1-6,text,true,,1498246,127,30,30,http://192.168.1.172/Facebook.html,3601,0,1547
1548170996463,25371,HTTP Request Pagina MedioGrande,200,OK,Thread Group 1-12,text,true,,1498246,127,30,30,http://192.168.1.172/Facebook.html,6137,0,3233
1548171016855,7243,HTTP Request Pagina MedioPiccola,200,OK,Thread Group 1-19,text,true,,114344,128,30,30,http://192.168.1.172/FrancoCFA.html,2169,0,899
1548171010483,13884,HTTP Request Pagina Media,200,OK,Thread Group 1-27,text,true,,470258,125,30,30,http://192.168.1.172/Amazon.html,2937,0,1188
1548170983277,41611,HTTP Request Immagine,200,OK,Thread Group 1-17,bin,true,,5266772,138,30,30,http://192.168.1.172/Sample-jpg-image-5mb.jpg,4717,0,1891
1548170991105,35071,HTTP Request Immagine,200,OK,Thread Group 1-23,bin,true,,5266772,138,30,30,http://192.168.1.172/Sample-jpg-image-5mb.jpg,5632,0,3821
1548171003640,22619,HTTP Request Pagina MedioGrande,200,OK,Thread Group 1-24,text,true,,1498246,127,30,30,http://192.168.1.172/Facebook.html,3307,0,1590
1548171017473,9366,HTTP Request Pagina Piccola,200,OK,Thread Group 1-14,text,true,,29275,133,30,30,http://192.168.1.172/Instagramlogin.html,2320,0,1304
1548171018877,8001,HTTP Request Pagina MedioPiccola,200,OK,Thread Group 1-7,text,true,,114344,128,30,30,http://192.168.1.172/FrancoCFA.html,2296,0,951
1548171018902,8048,HTTP Request Pagina MedioPiccola,200,OK,Thread Group 1-8,text,true,,114344,128,30,30,http://192.168.1.172/FrancoCFA.html,2411,0,1025
1548171019243,7949,HTTP Request Pagina MedioPiccola,200,OK,Thread Group 1-10,text,true,,114344,128,30,30,http://192.168.1.172/FrancoCFA.html,2574,0,1147
1548171016146,11388,HTTP Request Pagina Media,200,OK,Thread Group 1-29,text,true,,470258,125,30,30,http://192.168.1.172/Amazon.html,2076,0,959
1548170995282,32623,HTTP Request Immagine,200,OK,Thread Group 1-3,bin,true,,5266772,138,30,30,http://192.168.1.172/Sample-jpg-image-5mb.jpg,5254,0,2968
1548171016962,11713,HTTP Request Pagina MedioPiccola,200,OK,Thread Group 1-28,text,true,,114344,128,30,30,http://192.168.1.172/FrancoCFA.html,2238,0,1066
1548171011316,17679,HTTP Request Pagina Media,200,OK,Thread Group 1-11,text,true,,470258,125,30,30,http://192.168.1.172/Amazon.html,4098,0,1445
1548171012670,17476,HTTP Request Pagina Media,200,OK,Thread Group 1-9,text,true,,470258,125,30,30,http://192.168.1.172/Amazon.html,4195,0,2634
1548171008522,22000,HTTP Request Immagine,200,OK,Thread Group 1-5,bin,true,,5266772,138,30,30,http://192.168.1.172/Sample-jpg-image-5mb.jpg,2076,0,1017
1548171019038,12298,HTTP Request Pagina MedioPiccola,200,OK,Thread Group 1-26,text,true,,114344,128,30,30,http://192.168.1.172/FrancoCFA.html,2568,0,1096
1548171013515,17832,HTTP Request Pagina Media,200,OK,Thread Group 1-22,text,true,,470258,125,30,30,http://192.168.1.172/Amazon.html,3464,0,2406
1548171021734,9636,HTTP Request Pagina Piccola,200,OK,Thread Group 1-6,text,true,,29275,133,30,30,http://192.168.1.172/Instagramlogin.html,4180,0,2334
1548171007202,24181,HTTP Request Pagina MedioGrande,200,OK,Thread Group 1-20,text,true,,1498246,127,30,30,http://192.168.1.172/Facebook.html,3061,0,1965
1548171027905,4117,HTTP Request Pagina Piccola,200,OK,Thread Group 1-3,text,true,,29275,133,30,30,http://192.168.1.172/Instagramlogin.html,2832,0,1257
1548171009947,22442,HTTP Request Pagina MedioGrande,200,OK,Thread Group 1-2,text,true,,1498246,127,30,30,http://192.168.1.172/Facebook.html,2559,0,1096
1548171024101,8723,HTTP Request Pagina Piccola,200,OK,Thread Group 1-19,text,true,,29275,133,30,30,http://192.168.1.172/Instagramlogin.html,3104,0,1828
1548171017882,18519,HTTP Request Pagina Media,200,OK,Thread Group 1-30,text,true,,470258,125,30,30,http://192.168.1.172/Amazon.html,2346,0,1210
1548171027194,10298,HTTP Request Pagina Piccola,200,OK,Thread Group 1-10,text,true,,29275,133,30,30,http://192.168.1.172/Instagramlogin.html,3075,0,1526
1548171027536,10933,HTTP Request Pagina Piccola,200,OK,Thread Group 1-29,text,true,,29275,133,30,30,http://192.168.1.172/Instagramlogin.html,3167,0,1537
1548171009526,29390,HTTP Request Immagine,200,OK,Thread Group 1-25,bin,true,,5266772,138,30,30,http://192.168.1.172/Sample-jpg-image-5mb.jpg,2256,0,1041
1548171009557,29503,HTTP Request Immagine,200,OK,Thread Group 1-18,bin,true,,5266772,138,30,30,http://192.168.1.172/Sample-jpg-image-5mb.jpg,2261,0,1050
1548171016548,23097,HTTP Request Immagine,200,OK,Thread Group 1-16,bin,true,,5266772,138,30,30,http://192.168.1.172/Sample-jpg-image-5mb.jpg,2201,0,888
1548171015270,24453,HTTP Request Pagina MedioGrande,200,OK,Thread Group 1-1,text,true,,1498246,127,30,30,http://192.168.1.172/Facebook.html,2341,0,1475
1548171028996,13067,HTTP Request Pagina Piccola,200,OK,Thread Group 1-11,text,true,,29275,133,30,30,http://192.168.1.172/Instagramlogin.html,2849,0,1603
1548171026952,15625,HTTP Request Pagina MedioPiccola,200,OK,Thread Group 1-8,text,true,,114344,128,30,30,http://192.168.1.172/FrancoCFA.html,2948,0,1414
1548171012653,30841,HTTP Request Immagine,200,OK,Thread Group 1-13,bin,true,,5266772,138,30,30,http://192.168.1.172/Sample-jpg-image-5mb.jpg,4141,0,2625
1548171018096,26658,HTTP Request Immagine,200,OK,Thread Group 1-15,bin,true,,5266772,138,30,30,http://192.168.1.172/Sample-jpg-image-5mb.jpg,2328,0,1104
1548171032390,12836,HTTP Request Pagina MedioPiccola,200,OK,Thread Group 1-2,text,true,,114344,128,30,30,http://192.168.1.172/FrancoCFA.html,4173,0,1829
1548171019162,27014,HTTP Request Immagine,200,OK,Thread Group 1-4,bin,true,,5266772,138,30,30,http://192.168.1.172/Sample-jpg-image-5mb.jpg,2578,0,1156
1548171024892,21736,HTTP Request Pagina Media,200,OK,Thread Group 1-17,text,true,,470258,125,30,30,http://192.168.1.172/Amazon.html,3180,0,1806
1548171012652,34321,HTTP Request Immagine,200,OK,Thread Group 1-21,bin,true,,5266772,138,30,30,http://192.168.1.172/Sample-jpg-image-5mb.jpg,4142,0,2626
1548171026841,21051,HTTP Request Pagina Media,200,OK,Thread Group 1-14,text,true,,470258,125,30,30,http://192.168.1.172/Amazon.html,2861,0,1453
1548171031337,16671,HTTP Request Pagina Media,200,OK,Thread Group 1-26,text,true,,470258,125,30,30,http://192.168.1.172/Amazon.html,3206,0,1268
1548171031348,16709,HTTP Request Pagina Media,200,OK,Thread Group 1-22,text,true,,470258,125,30,30,http://192.168.1.172/Amazon.html,3196,0,1261
1548171031371,16709,HTTP Request Pagina MedioPiccola,200,OK,Thread Group 1-6,text,true,,114344,128,30,30,http://192.168.1.172/FrancoCFA.html,3220,0,1267
1548171032024,18011,HTTP Request Pagina MedioPiccola,200,OK,Thread Group 1-3,text,true,,114344,128,30,30,http://192.168.1.172/FrancoCFA.html,3538,0,1421
1548171021840,28737,HTTP Request Pagina MedioGrande,200,OK,Thread Group 1-12,text,true,,1498246,127,30,30,http://192.168.1.172/Facebook.html,4110,0,2257
1548171024369,28161,HTTP Request Immagine,200,OK,Thread Group 1-27,bin,true,,5266772,138,30,30,http://192.168.1.172/Sample-jpg-image-5mb.jpg,3085,0,1776
1548171026879,26487,HTTP Request Pagina MedioGrande,200,OK,Thread Group 1-7,text,true,,1498246,127,30,30,http://192.168.1.172/Facebook.html,2928,0,1449
1548171045228,8275,HTTP Request Pagina MedioPiccola,200,OK,Thread Group 1-2,text,true,,114344,128,30,30,http://192.168.1.172/FrancoCFA.html,2726,0,1677
1548171030522,23208,HTTP Request Pagina Media,200,OK,Thread Group 1-5,text,true,,470258,125,30,30,http://192.168.1.172/Amazon.html,2649,0,1229
1548171026178,27925,HTTP Request Immagine,200,OK,Thread Group 1-23,bin,true,,5266772,138,30,30,http://192.168.1.172/Sample-jpg-image-5mb.jpg,2822,0,1286
1548171039064,15049,HTTP Request Pagina MedioPiccola,200,OK,Thread Group 1-18,text,true,,114344,128,30,30,http://192.168.1.172/FrancoCFA.html,5753,0,3225
1548171046973,7592,HTTP Request Pagina MedioPiccola,200,OK,Thread Group 1-21,text,true,,114344,128,30,30,http://192.168.1.172/FrancoCFA.html,3449,0,989
1548171032826,22214,HTTP Request Pagina Media,200,OK,Thread Group 1-19,text,true,,470258,125,30,30,http://192.168.1.172/Amazon.html,4680,0,1986
1548171028676,26367,HTTP Request Pagina MedioGrande,200,OK,Thread Group 1-28,text,true,,1498246,127,30,30,http://192.168.1.172/Facebook.html,2878,0,1573
1548171043497,12857,HTTP Request Pagina MedioPiccola,200,OK,Thread Group 1-13,text,true,,114344,128,30,30,http://192.168.1.172/FrancoCFA.html,3547,0,2163
1548171030147,26438,HTTP Request Pagina MedioGrande,200,OK,Thread Group 1-9,text,true,,1498246,127,30,30,http://192.168.1.172/Facebook.html,2611,0,1331
1548171026262,31069,HTTP Request Immagine,200,OK,Thread Group 1-24,bin,true,,5266772,138,30,30,http://192.168.1.172/Sample-jpg-image-5mb.jpg,2786,0,1254
1548171054114,3701,HTTP Request Pagina Piccola,200,OK,Thread Group 1-18,text,true,,29275,133,30,30,http://192.168.1.172/Instagramlogin.html,2566,0,980
1548171042066,15794,HTTP Request Pagina MedioPiccola,200,OK,Thread Group 1-11,text,true,,114344,128,30,30,http://192.168.1.172/FrancoCFA.html,4205,0,2497
1548171046629,11296,HTTP Request Pagina MedioPiccola,200,OK,Thread Group 1-17,text,true,,114344,128,30,30,http://192.168.1.172/FrancoCFA.html,3569,0,1225
1548171055043,3558,HTTP Request Pagina Piccola,200,OK,Thread Group 1-19,text,true,,29275,133,30,30,http://192.168.1.172/Instagramlogin.html,2734,0,1586
1548171038918,19843,HTTP Request Pagina Media,200,OK,Thread Group 1-25,text,true,,470258,125,30,30,http://192.168.1.172/Amazon.html,5898,0,3371
1548171039725,19210,HTTP Request Pagina Media,200,OK,Thread Group 1-1,text,true,,470258,125,30,30,http://192.168.1.172/Amazon.html,5269,0,2716
1548171053506,5615,HTTP Request Pagina MedioPiccola,200,OK,Thread Group 1-2,text,true,,114344,128,30,30,http://192.168.1.172/FrancoCFA.html,2869,0,1119
1548171053369,6597,HTTP Request Pagina Piccola,200,OK,Thread Group 1-7,text,true,,29275,133,30,30,http://192.168.1.172/Instagramlogin.html,2825,0,1099
1548171057817,3068,HTTP Request Pagina Piccola,200,OK,Thread Group 1-18,text,true,,29275,133,30,30,http://192.168.1.172/Instagramlogin.html,1696,0,800
1548171044755,16394,HTTP Request Pagina Media,200,OK,Thread Group 1-15,text,true,,470258,125,30,30,http://192.168.1.172/Amazon.html,2902,0,1698
1548171057862,3327,HTTP Request Pagina Piccola,200,OK,Thread Group 1-11,text,true,,29275,133,30,30,http://192.168.1.172/Instagramlogin.html,1903,0,873
1548171036402,25049,HTTP Request Pagina MedioGrande,200,OK,Thread Group 1-30,text,true,,1498246,127,30,30,http://192.168.1.172/Facebook.html,6080,0,3295
1548171031383,30767,HTTP Request Immagine,200,OK,Thread Group 1-20,bin,true,,5266772,138,30,30,http://192.168.1.172/Sample-jpg-image-5mb.jpg,3209,0,1264
1548171052532,9762,HTTP Request Pagina MedioPiccola,200,OK,Thread Group 1-27,text,true,,114344,128,30,30,http://192.168.1.172/FrancoCFA.html,2510,0,1310
1548171038471,23838,HTTP Request Pagina MedioGrande,200,OK,Thread Group 1-29,text,true,,1498246,127,30,30,http://192.168.1.172/Facebook.html,6254,0,3699
1548171046177,16436,HTTP Request Pagina Media,200,OK,Thread Group 1-4,text,true,,470258,125,30,30,http://192.168.1.172/Amazon.html,2255,0,1086
1548171057333,5526,HTTP Request Pagina MedioPiccola,200,OK,Thread Group 1-24,text,true,,114344,128,30,30,http://192.168.1.172/FrancoCFA.html,1541,0,664
1548171053733,9554,HTTP Request Pagina MedioPiccola,200,OK,Thread Group 1-5,text,true,,114344,128,30,30,http://192.168.1.172/FrancoCFA.html,2946,0,1305
1548171050038,15111,HTTP Request Pagina Media,200,OK,Thread Group 1-3,text,true,,470258,125,30,30,http://192.168.1.172/Amazon.html,3054,0,1601
1548171048012,17724,HTTP Request Pagina Media,200,OK,Thread Group 1-26,text,true,,470258,125,30,30,http://192.168.1.172/Amazon.html,4153,0,2417
1548171048083,17954,HTTP Request Pagina Media,200,OK,Thread Group 1-6,text,true,,470258,125,30,30,http://192.168.1.172/Amazon.html,4137,0,2373
1548171062310,4007,HTTP Request Pagina Piccola,200,OK,Thread Group 1-29,text,true,,29275,133,30,30,http://192.168.1.172/Instagramlogin.html,2311,0,978
1548171037493,29353,HTTP Request Immagine,200,OK,Thread Group 1-10,bin,true,,5266772,138,30,30,http://192.168.1.172/Sample-jpg-image-5mb.jpg,6294,0,3983
1548171058937,8705,HTTP Request Pagina Piccola,200,OK,Thread Group 1-1,text,true,,29275,133,30,30,http://192.168.1.172/Instagramlogin.html,2524,0,1039
1548171062860,4854,HTTP Request Pagina Piccola,200,OK,Thread Group 1-24,text,true,,29275,133,30,30,http://192.168.1.172/Instagramlogin.html,2790,0,1129
1548171039647,29259,HTTP Request Immagine,200,OK,Thread Group 1-16,bin,true,,5266772,138,30,30,http://192.168.1.172/Sample-jpg-image-5mb.jpg,5268,0,2743
1548171062297,7805,HTTP Request Pagina MedioPiccola,200,OK,Thread Group 1-27,text,true,,114344,128,30,30,http://192.168.1.172/FrancoCFA.html,2312,0,989
1548171042579,28341,HTTP Request Immagine,200,OK,Thread Group 1-8,bin,true,,5266772,138,30,30,http://192.168.1.172/Sample-jpg-image-5mb.jpg,4260,0,2542
1548171047894,23028,HTTP Request Pagina MedioGrande,200,OK,Thread Group 1-14,text,true,,1498246,127,30,30,http://192.168.1.172/Facebook.html,4070,0,2428
1548171048059,23089,HTTP Request Pagina MedioGrande,200,OK,Thread Group 1-22,text,true,,1498246,127,30,30,http://192.168.1.172/Facebook.html,4106,0,2385
1548171055045,16701,HTTP Request Pagina MedioGrande,200,OK,Thread Group 1-28,text,true,,1498246,127,30,30,http://192.168.1.172/Facebook.html,2731,0,1583
1548171060887,11908,HTTP Request Pagina MedioPiccola,200,OK,Thread Group 1-18,text,true,,114344,128,30,30,http://192.168.1.172/FrancoCFA.html,2475,0,1444
1548171057928,17992,HTTP Request Pagina MedioGrande,200,OK,Thread Group 1-17,text,true,,1498246,127,30,30,http://192.168.1.172/Facebook.html,1855,0,832
1548171063289,13882,HTTP Request Pagina Media,200,OK,Thread Group 1-5,text,true,,470258,125,30,30,http://192.168.1.172/Amazon.html,3000,0,1287
1548171054105,23224,HTTP Request Immagine,200,OK,Thread Group 1-23,bin,true,,5266772,138,30,30,http://192.168.1.172/Sample-jpg-image-5mb.jpg,2574,0,989
1548171059123,18382,HTTP Request Pagina MedioGrande,200,OK,Thread Group 1-2,text,true,,1498246,127,30,30,http://192.168.1.172/Facebook.html,2645,0,1124
1548171058767,19188,HTTP Request Pagina MedioGrande,200,OK,Thread Group 1-25,text,true,,1498246,127,30,30,http://192.168.1.172/Facebook.html,2423,0,1003
1548171056588,22436,HTTP Request Pagina MedioGrande,200,OK,Thread Group 1-9,text,true,,1498246,127,30,30,http://192.168.1.172/Facebook.html,1836,0,1094
1548171070104,9068,HTTP Request Pagina MedioPiccola,200,OK,Thread Group 1-27,text,true,,114344,128,30,30,http://192.168.1.172/FrancoCFA.html,2765,0,1200
1548171065738,14787,HTTP Request Pagina MedioPiccola,200,OK,Thread Group 1-26,text,true,,114344,128,30,30,http://192.168.1.172/FrancoCFA.html,3642,0,2094
1548171066847,14741,HTTP Request Pagina MedioPiccola,200,OK,Thread Group 1-10,text,true,,114344,128,30,30,http://192.168.1.172/FrancoCFA.html,3456,0,1808
1548171050579,31167,HTTP Request Immagine,200,OK,Thread Group 1-12,bin,true,,5266772,138,30,30,http://192.168.1.172/Sample-jpg-image-5mb.jpg,3042,0,1695
1548171061191,21068,HTTP Request Pagina Media,200,OK,Thread Group 1-11,text,true,,470258,125,30,30,http://192.168.1.172/Amazon.html,2452,0,1402
1548171061453,21189,HTTP Request Pagina Media,200,OK,Thread Group 1-30,text,true,,470258,125,30,30,http://192.168.1.172/Amazon.html,2509,0,1375
1548171054567,29051,HTTP Request Immagine,200,OK,Thread Group 1-21,bin,true,,5266772,138,30,30,http://192.168.1.172/Sample-jpg-image-5mb.jpg,2924,0,1749
1548171077507,7146,HTTP Request Pagina Piccola,200,OK,Thread Group 1-2,text,true,,29275,133,30,30,http://192.168.1.172/Instagramlogin.html,4477,0,1980
1548171058602,26056,HTTP Request Immagine,200,OK,Thread Group 1-19,bin,true,,5266772,138,30,30,http://192.168.1.172/Sample-jpg-image-5mb.jpg,2228,0,882
1548171056357,29822,HTTP Request Immagine,200,OK,Thread Group 1-13,bin,true,,5266772,138,30,30,http://192.168.1.172/Sample-jpg-image-5mb.jpg,1882,0,1142
1548171066040,22566,HTTP Request Pagina Media,200,OK,Thread Group 1-6,text,true,,470258,125,30,30,http://192.168.1.172/Amazon.html,3847,0,2227
1548171071748,17021,HTTP Request Pagina MedioPiccola,200,OK,Thread Group 1-28,text,true,,114344,128,30,30,http://192.168.1.172/FrancoCFA.html,2671,0,1048
1548171075922,13491,HTTP Request Pagina Piccola,200,OK,Thread Group 1-17,text,true,,29275,133,30,30,http://192.168.1.172/Instagramlogin.html,4210,0,2092
1548171062616,27376,HTTP Request Immagine,200,OK,Thread Group 1-4,bin,true,,5266772,138,30,30,http://192.168.1.172/Sample-jpg-image-5mb.jpg,2505,0,1065
1548171068907,22781,HTTP Request Pagina Media,200,OK,Thread Group 1-16,text,true,,470258,125,30,30,http://192.168.1.172/Amazon.html,3363,0,1727
1548171062154,29546,HTTP Request Immagine,200,OK,Thread Group 1-20,bin,true,,5266772,138,30,30,http://192.168.1.172/Sample-jpg-image-5mb.jpg,2194,0,970
1548171065151,29005,HTTP Request Pagina MedioGrande,200,OK,Thread Group 1-3,text,true,,1498246,127,30,30,http://192.168.1.172/Facebook.html,3828,0,1972
1548171059968,34432,HTTP Request Immagine,200,OK,Thread Group 1-7,bin,true,,5266772,138,30,30,http://192.168.1.172/Sample-jpg-image-5mb.jpg,2904,0,1506
1548171070925,23565,HTTP Request Pagina MedioGrande,200,OK,Thread Group 1-8,text,true,,1498246,127,30,30,http://192.168.1.172/Facebook.html,3052,0,1532
1548171066318,28894,HTTP Request Pagina MedioGrande,200,OK,Thread Group 1-29,text,true,,1498246,127,30,30,http://192.168.1.172/Facebook.html,3733,0,2037
1548171061152,34330,HTTP Request Immagine,200,OK,Thread Group 1-15,bin,true,,5266772,138,30,30,http://192.168.1.172/Sample-jpg-image-5mb.jpg,2475,0,1408
1548171072798,23645,HTTP Request Pagina Media,200,OK,Thread Group 1-18,text,true,,470258,125,30,30,http://192.168.1.172/Amazon.html,4052,0,1606
1548171084653,11843,HTTP Request Pagina Piccola,200,OK,Thread Group 1-2,text,true,,29275,133,30,30,http://192.168.1.172/Instagramlogin.html,4196,0,2255
1548171080527,16425,HTTP Request Pagina MedioPiccola,200,OK,Thread Group 1-26,text,true,,114344,128,30,30,http://192.168.1.172/FrancoCFA.html,4730,0,2128
1548171094158,4116,HTTP Request Pagina Piccola,200,OK,Thread Group 1-3,text,true,,29275,133,30,30,http://192.168.1.172/Instagramlogin.html,2510,0,1316
1548171070923,28116,HTTP Request Immagine,200,OK,Thread Group 1-14,bin,true,,5266772,138,30,30,http://192.168.1.172/Sample-jpg-image-5mb.jpg,3055,0,1533
1548171094492,4646,HTTP Request Pagina Piccola,200,OK,Thread Group 1-8,text,true,,29275,133,30,30,http://192.168.1.172/Instagramlogin.html,2653,0,1349
1548171071151,28559,HTTP Request Pagina MedioGrande,200,OK,Thread Group 1-22,text,true,,1498246,127,30,30,http://192.168.1.172/Facebook.html,2986,0,1473
1548171077956,22155,HTTP Request Pagina Media,200,OK,Thread Group 1-25,text,true,,470258,125,30,30,http://192.168.1.172/Amazon.html,4343,0,2037
1548171067716,33479,HTTP Request Immagine,200,OK,Thread Group 1-24,bin,true,,5266772,138,30,30,http://192.168.1.172/Sample-jpg-image-5mb.jpg,3282,0,1516
1548171086179,15110,HTTP Request Pagina MedioPiccola,200,OK,Thread Group 1-13,text,true,,114344,128,30,30,http://192.168.1.172/FrancoCFA.html,4789,0,2523
1548171079026,22508,HTTP Request Pagina Media,200,OK,Thread Group 1-9,text,true,,470258,125,30,30,http://192.168.1.172/Amazon.html,5199,0,2572
1548171067644,34258,HTTP Request Immagine,200,OK,Thread Group 1-1,bin,true,,5266772,138,30,30,http://192.168.1.172/Sample-jpg-image-5mb.jpg,3307,0,1534
1548171088608,13396,HTTP Request Pagina MedioPiccola,200,OK,Thread Group 1-6,text,true,,114344,128,30,30,http://192.168.1.172/FrancoCFA.html,4552,0,2189
1548171099138,3713,HTTP Request Pagina Piccola,200,OK,Thread Group 1-8,text,true,,29275,133,30,30,http://192.168.1.172/Instagramlogin.html,2834,0,1667
1548171081589,21296,HTTP Request Pagina Media,200,OK,Thread Group 1-10,text,true,,470258,125,30,30,http://192.168.1.172/Amazon.html,4655,0,2618
1548171083618,19328,HTTP Request Pagina Media,200,OK,Thread Group 1-21,text,true,,470258,125,30,30,http://192.168.1.172/Amazon.html,5016,0,2224
1548171084658,18887,HTTP Request Pagina Media,200,OK,Thread Group 1-19,text,true,,470258,125,30,30,http://192.168.1.172/Amazon.html,4294,0,2296
1548171082261,21430,HTTP Request Pagina Media,200,OK,Thread Group 1-11,text,true,,470258,125,30,30,http://192.168.1.172/Amazon.html,5017,0,2428
1548171095483,8284,HTTP Request Pagina Piccola,200,OK,Thread Group 1-15,text,true,,29275,133,30,30,http://192.168.1.172/Instagramlogin.html,2758,0,1151
1548171079173,25166,HTTP Request Pagina MedioGrande,200,OK,Thread Group 1-27,text,true,,1498246,127,30,30,http://192.168.1.172/Facebook.html,5174,0,2572
1548171094402,11626,HTTP Request Pagina MedioPiccola,200,OK,Thread Group 1-7,text,true,,114344,128,30,30,http://192.168.1.172/FrancoCFA.html,2469,0,1242
1548171101290,6680,HTTP Request Pagina MedioPiccola,200,OK,Thread Group 1-13,text,true,,114344,128,30,30,http://192.168.1.172/FrancoCFA.html,1652,0,789
1548171077334,31850,HTTP Request Immagine,200,OK,Thread Group 1-23,bin,true,,5266772,138,30,30,http://192.168.1.172/Sample-jpg-image-5mb.jpg,4560,0,2023
1548171077173,32217,HTTP Request Immagine,200,OK,Thread Group 1-5,bin,true,,5266772,138,30,30,http://192.168.1.172/Sample-jpg-image-5mb.jpg,4693,0,2124
1548171089415,20003,HTTP Request Pagina Media,200,OK,Thread Group 1-17,text,true,,470258,125,30,30,http://192.168.1.172/Amazon.html,4390,0,2435
1548171096954,12696,HTTP Request Pagina MedioPiccola,200,OK,Thread Group 1-26,text,true,,114344,128,30,30,http://192.168.1.172/FrancoCFA.html,3455,0,1682
1548171091690,19935,HTTP Request Pagina Media,200,OK,Thread Group 1-16,text,true,,470258,125,30,30,http://192.168.1.172/Amazon.html,3654,0,1934
1548171099040,12620,HTTP Request Pagina MedioPiccola,200,OK,Thread Group 1-14,text,true,,114344,128,30,30,http://192.168.1.172/FrancoCFA.html,2933,0,1682
1548171106030,5892,HTTP Request Pagina Piccola,200,OK,Thread Group 1-7,text,true,,29275,133,30,30,http://192.168.1.172/Instagramlogin.html,3623,0,1724
1548171099710,12469,HTTP Request Pagina MedioPiccola,200,OK,Thread Group 1-22,text,true,,114344,128,30,30,http://192.168.1.172/FrancoCFA.html,2288,0,1521
1548171102854,9326,HTTP Request Pagina MedioPiccola,200,OK,Thread Group 1-8,text,true,,114344,128,30,30,http://192.168.1.172/FrancoCFA.html,3220,0,1218
1548171102951,11315,HTTP Request Pagina Piccola,200,OK,Thread Group 1-21,text,true,,29275,133,30,30,http://192.168.1.172/Instagramlogin.html,3260,0,1189
1548171081747,33070,HTTP Request Immagine,200,OK,Thread Group 1-12,bin,true,,5266772,138,30,30,http://192.168.1.172/Sample-jpg-image-5mb.jpg,4582,0,2591
1548171100112,14790,HTTP Request Pagina Media,200,OK,Thread Group 1-25,text,true,,470258,125,30,30,http://192.168.1.172/Amazon.html,2470,0,1641
1548171101902,13749,HTTP Request Pagina Media,200,OK,Thread Group 1-1,text,true,,470258,125,30,30,http://192.168.1.172/Amazon.html,2093,0,823
1548171082643,33273,HTTP Request Immagine,200,OK,Thread Group 1-30,bin,true,,5266772,138,30,30,http://192.168.1.172/Sample-jpg-image-5mb.jpg,5319,0,2527
1548171088771,27207,HTTP Request Pagina MedioGrande,200,OK,Thread Group 1-28,text,true,,1498246,127,30,30,http://192.168.1.172/Facebook.html,4564,0,2239
1548171101535,14544,HTTP Request Pagina Media,200,OK,Thread Group 1-9,text,true,,470258,125,30,30,http://192.168.1.172/Amazon.html,1786,0,711
1548171096499,19880,HTTP Request Pagina MedioGrande,200,OK,Thread Group 1-2,text,true,,1498246,127,30,30,http://192.168.1.172/Facebook.html,3490,0,1610
1548171111925,5257,HTTP Request Pagina Piccola,200,OK,Thread Group 1-7,text,true,,29275,133,30,30,http://192.168.1.172/Instagramlogin.html,3744,0,1920
1548171095214,24546,HTTP Request Pagina MedioGrande,200,OK,Thread Group 1-29,text,true,,1498246,127,30,30,http://192.168.1.172/Facebook.html,2936,0,1355
1548171089993,30956,HTTP Request Immagine,200,OK,Thread Group 1-4,bin,true,,5266772,138,30,30,http://192.168.1.172/Sample-jpg-image-5mb.jpg,4266,0,2229
1548171102005,19539,HTTP Request Pagina MedioGrande,200,OK,Thread Group 1-6,text,true,,1498246,127,30,30,http://192.168.1.172/Facebook.html,2106,0,871
1548171091701,31372,HTTP Request Immagine,200,OK,Thread Group 1-20,bin,true,,5266772,138,30,30,http://192.168.1.172/Sample-jpg-image-5mb.jpg,3689,0,1944
1548171112182,11095,HTTP Request Pagina Piccola,200,OK,Thread Group 1-8,text,true,,29275,133,30,30,http://192.168.1.172/Instagramlogin.html,3733,0,1949
1548171102887,20935,HTTP Request Pagina Media,200,OK,Thread Group 1-10,text,true,,470258,125,30,30,http://192.168.1.172/Amazon.html,3238,0,1225
1548171096445,27520,HTTP Request Immagine,200,OK,Thread Group 1-18,bin,true,,5266772,138,30,30,http://192.168.1.172/Sample-jpg-image-5mb.jpg,3435,0,1608
1548171109185,14792,HTTP Request Pagina MedioPiccola,200,OK,Thread Group 1-23,text,true,,114344,128,30,30,http://192.168.1.172/FrancoCFA.html,4087,0,2268
1548171098275,26007,HTTP Request Pagina MedioGrande,200,OK,Thread Group 1-3,text,true,,1498246,127,30,30,http://192.168.1.172/Facebook.html,3609,0,1892
1548171101196,23704,HTTP Request Immagine,200,OK,Thread Group 1-24,bin,true,,5266772,138,30,30,http://192.168.1.172/Sample-jpg-image-5mb.jpg,1609,0,777
1548171104341,21369,HTTP Request Pagina MedioGrande,200,OK,Thread Group 1-27,text,true,,1498246,127,30,30,http://192.168.1.172/Facebook.html,3675,0,1916
1548171114267,12306,HTTP Request Pagina MedioPiccola,200,OK,Thread Group 1-21,text,true,,114344,128,30,30,http://192.168.1.172/FrancoCFA.html,3146,0,1691
1548171114818,11765,HTTP Request Pagina MedioPiccola,200,OK,Thread Group 1-12,text,true,,114344,128,30,30,http://192.168.1.172/FrancoCFA.html,2963,0,1557
1548171123824,2761,HTTP Request Pagina Piccola,200,OK,Thread Group 1-10,text,true,,29275,133,30,30,http://192.168.1.172/Instagramlogin.html,1972,0,1159
1548171123967,2679,HTTP Request Pagina Piccola,200,OK,Thread Group 1-18,text,true,,29275,133,30,30,http://192.168.1.172/Instagramlogin.html,1907,0,1156
1548171103769,23519,HTTP Request Pagina MedioGrande,200,OK,Thread Group 1-15,text,true,,1498246,127,30,30,http://192.168.1.172/Facebook.html,3367,0,1881
1548171103693,23597,HTTP Request Pagina MedioGrande,200,OK,Thread Group 1-11,text,true,,1498246,127,30,30,http://192.168.1.172/Facebook.html,3356,0,1828
1548171124903,2753,HTTP Request Pagina Piccola,200,OK,Thread Group 1-24,text,true,,29275,133,30,30,http://192.168.1.172/Instagramlogin.html,1599,0,805
1548171109392,21598,HTTP Request Pagina Media,200,OK,Thread Group 1-5,text,true,,470258,125,30,30,http://192.168.1.172/Amazon.html,4080,0,2231
1548171107973,23675,HTTP Request Pagina MedioGrande,200,OK,Thread Group 1-13,text,true,,1498246,127,30,30,http://192.168.1.172/Facebook.html,4279,0,2015
1548171126584,5116,HTTP Request Pagina Piccola,200,OK,Thread Group 1-12,text,true,,29275,133,30,30,http://192.168.1.172/Instagramlogin.html,3460,0,1174
1548171114905,17084,HTTP Request Pagina MedioGrande,200,OK,Thread Group 1-25,text,true,,1498246,127,30,30,http://192.168.1.172/Facebook.html,2937,0,1597
1548171120950,11799,HTTP Request Pagina MedioPiccola,200,OK,Thread Group 1-4,text,true,,114344,128,30,30,http://192.168.1.172/FrancoCFA.html,3394,0,2251
1548171124286,8532,HTTP Request Pagina Piccola,200,OK,Thread Group 1-3,text,true,,29275,133,30,30,http://192.168.1.172/Instagramlogin.html,2074,0,1305
1548171121546,11904,HTTP Request Pagina MedioPiccola,200,OK,Thread Group 1-6,text,true,,114344,128,30,30,http://192.168.1.172/FrancoCFA.html,3492,0,2308
1548171103550,29992,HTTP Request Immagine,200,OK,Thread Group 1-19,bin,true,,5266772,138,30,30,http://192.168.1.172/Sample-jpg-image-5mb.jpg,3292,0,1735
1548171123279,11033,HTTP Request Pagina MedioPiccola,200,OK,Thread Group 1-8,text,true,,114344,128,30,30,http://192.168.1.172/FrancoCFA.html,2370,0,1121
1548171126574,9172,HTTP Request Pagina MedioPiccola,200,OK,Thread Group 1-21,text,true,,114344,128,30,30,http://192.168.1.172/FrancoCFA.html,3458,0,1180
1548171116082,19846,HTTP Request Pagina Media,200,OK,Thread Group 1-9,text,true,,470258,125,30,30,http://192.168.1.172/Amazon.html,3397,0,1450
1548171127291,8835,HTTP Request Pagina MedioPiccola,200,OK,Thread Group 1-11,text,true,,114344,128,30,30,http://192.168.1.172/FrancoCFA.html,3339,0,948
1548171109420,26739,HTTP Request Pagina MedioGrande,200,OK,Thread Group 1-17,text,true,,1498246,127,30,30,http://192.168.1.172/Facebook.html,4051,0,2203
1548171117184,19949,HTTP Request Pagina MedioGrande,200,OK,Thread Group 1-7,text,true,,1498246,127,30,30,http://192.168.1.172/Facebook.html,3793,0,1796
1548171112181,26630,HTTP Request Pagina MedioGrande,200,OK,Thread Group 1-22,text,true,,1498246,127,30,30,http://192.168.1.172/Facebook.html,3733,0,1935
1548171119762,20517,HTTP Request Pagina Media,200,OK,Thread Group 1-29,text,true,,470258,125,30,30,http://192.168.1.172/Amazon.html,4455,0,2256
1548171115653,25188,HTTP Request Immagine,200,OK,Thread Group 1-1,bin,true,,5266772,138,30,30,http://192.168.1.172/Sample-jpg-image-5mb.jpg,3344,0,1507
1548171115917,25482,HTTP Request Pagina MedioGrande,200,OK,Thread Group 1-30,text,true,,1498246,127,30,30,http://192.168.1.172/Facebook.html,3214,0,1367
1548171109652,31999,HTTP Request Immagine,200,OK,Thread Group 1-26,bin,true,,5266772,138,30,30,http://192.168.1.172/Sample-jpg-image-5mb.jpg,4171,0,2265
1548171115980,26215,HTTP Request Pagina MedioGrande,200,OK,Thread Group 1-28,text,true,,1498246,127,30,30,http://192.168.1.172/Facebook.html,3332,0,1412
1548171130992,11847,HTTP Request Pagina Piccola,200,OK,Thread Group 1-5,text,true,,29275,133,30,30,http://192.168.1.172/Instagramlogin.html,2912,0,1634
1548171111663,32952,HTTP Request Immagine,200,OK,Thread Group 1-14,bin,true,,5266772,138,30,30,http://192.168.1.172/Sample-jpg-image-5mb.jpg,3473,0,1812
1548171132819,11980,HTTP Request Pagina Piccola,200,OK,Thread Group 1-3,text,true,,29275,133,30,30,http://192.168.1.172/Instagramlogin.html,3617,0,1266
1548171134313,12428,HTTP Request Pagina Piccola,200,OK,Thread Group 1-8,text,true,,29275,133,30,30,http://192.168.1.172/Instagramlogin.html,4359,0,2259
1548171126586,20450,HTTP Request Pagina MedioGrande,200,OK,Thread Group 1-10,text,true,,1498246,127,30,30,http://192.168.1.172/Facebook.html,3458,0,1172
1548171126648,20635,HTTP Request Pagina Media,200,OK,Thread Group 1-18,text,true,,470258,125,30,30,http://192.168.1.172/Amazon.html,3548,0,1160
1548171123075,26071,HTTP Request Pagina MedioGrande,200,OK,Thread Group 1-20,text,true,,1498246,127,30,30,http://192.168.1.172/Facebook.html,2518,0,1225
1548171133543,15909,HTTP Request Pagina MedioPiccola,200,OK,Thread Group 1-19,text,true,,114344,128,30,30,http://192.168.1.172/FrancoCFA.html,4305,0,2358
1548171123978,25643,HTTP Request Immagine,200,OK,Thread Group 1-23,bin,true,,5266772,138,30,30,http://192.168.1.172/Sample-jpg-image-5mb.jpg,1931,0,1146
1548171116381,33605,HTTP Request Immagine,200,OK,Thread Group 1-2,bin,true,,5266772,138,30,30,http://192.168.1.172/Sample-jpg-image-5mb.jpg,3099,0,1400
1548171135746,15506,HTTP Request Pagina MedioPiccola,200,OK,Thread Group 1-21,text,true,,114344,128,30,30,http://192.168.1.172/FrancoCFA.html,3985,0,1898
1548171125712,26496,HTTP Request Immagine,200,OK,Thread Group 1-27,bin,true,,5266772,138,30,30,http://192.168.1.172/Sample-jpg-image-5mb.jpg,1923,0,788
1548171136159,16727,HTTP Request Pagina MedioPiccola,200,OK,Thread Group 1-17,text,true,,114344,128,30,30,http://192.168.1.172/FrancoCFA.html,4272,0,1975
1548171111627,41501,HTTP Request Immagine,200,OK,Thread Group 1-16,bin,true,,5266772,138,30,30,http://192.168.1.172/Sample-jpg-image-5mb.jpg,3456,0,1811
1548171131702,21840,HTTP Request Pagina MedioGrande,200,OK,Thread Group 1-12,text,true,,1498246,127,30,30,http://192.168.1.172/Facebook.html,4146,0,1732
1548171131650,21973,HTTP Request Pagina MedioGrande,200,OK,Thread Group 1-13,text,true,,1498246,127,30,30,http://192.168.1.172/Facebook.html,4155,0,1727
1548171131991,21819,HTTP Request Pagina Media,200,OK,Thread Group 1-25,text,true,,470258,125,30,30,http://192.168.1.172/Amazon.html,4066,0,1628
1548171127289,30451,HTTP Request Immagine,200,OK,Thread Group 1-15,bin,true,,5266772,138,30,30,http://192.168.1.172/Sample-jpg-image-5mb.jpg,3348,0,949
1548171137134,21485,HTTP Request Pagina Media,200,OK,Thread Group 1-7,text,true,,470258,125,30,30,http://192.168.1.172/Amazon.html,4363,0,1946
1548171149146,10970,HTTP Request Pagina Piccola,200,OK,Thread Group 1-20,text,true,,29275,133,30,30,http://192.168.1.172/Instagramlogin.html,3973,0,1807
1548171144802,15688,HTTP Request Pagina Media,200,OK,Thread Group 1-3,text,true,,470258,125,30,30,http://192.168.1.172/Amazon.html,4372,0,1922
1548171138812,21779,HTTP Request Pagina Media,200,OK,Thread Group 1-22,text,true,,470258,125,30,30,http://192.168.1.172/Amazon.html,4500,0,2395
1548171133450,27620,HTTP Request Pagina MedioGrande,200,OK,Thread Group 1-6,text,true,,1498246,127,30,30,http://192.168.1.172/Facebook.html,4323,0,2383
1548171149622,11485,HTTP Request Pagina Piccola,200,OK,Thread Group 1-23,text,true,,29275,133,30,30,http://192.168.1.172/Instagramlogin.html,3892,0,1869
1548171127658,34297,HTTP Request Immagine,200,OK,Thread Group 1-24,bin,true,,5266772,138,30,30,http://192.168.1.172/Sample-jpg-image-5mb.jpg,3833,0,2217
1548171151253,12078,HTTP Request Pagina Piccola,200,OK,Thread Group 1-21,text,true,,29275,133,30,30,http://192.168.1.172/Instagramlogin.html,3555,0,2078
1548171142197,21734,HTTP Request Pagina MedioGrande,200,OK,Thread Group 1-28,text,true,,1498246,127,30,30,http://192.168.1.172/Facebook.html,3437,0,1621
1548171147284,16907,HTTP Request Pagina MedioPiccola,200,OK,Thread Group 1-18,text,true,,114344,128,30,30,http://192.168.1.172/FrancoCFA.html,4483,0,2630
1548171136126,28306,HTTP Request Immagine,200,OK,Thread Group 1-11,bin,true,,5266772,138,30,30,http://192.168.1.172/Sample-jpg-image-5mb.jpg,4228,0,1945
1548171141401,24162,HTTP Request Pagina Media,200,OK,Thread Group 1-30,text,true,,470258,125,30,30,http://192.168.1.172/Amazon.html,3472,0,1912
1548171141653,23911,HTTP Request Pagina Media,200,OK,Thread Group 1-26,text,true,,470258,125,30,30,http://192.168.1.172/Amazon.html,3219,0,1660
1548171135929,30485,HTTP Request Immagine,200,OK,Thread Group 1-9,bin,true,,5266772,138,30,30,http://192.168.1.172/Sample-jpg-image-5mb.jpg,3984,0,1920
1548171149454,16998,HTTP Request Pagina Media,200,OK,Thread Group 1-19,text,true,,470258,125,30,30,http://192.168.1.172/Amazon.html,3982,0,1896
1548171132751,34736,HTTP Request Immagine,200,OK,Thread Group 1-4,bin,true,,5266772,138,30,30,http://192.168.1.172/Sample-jpg-image-5mb.jpg,3604,0,1249
1548171152209,15632,HTTP Request Pagina MedioPiccola,200,OK,Thread Group 1-27,text,true,,114344,128,30,30,http://192.168.1.172/FrancoCFA.html,3225,0,1551
1548171152888,15189,HTTP Request Pagina MedioPiccola,200,OK,Thread Group 1-17,text,true,,114344,128,30,30,http://192.168.1.172/FrancoCFA.html,3815,0,1538
1548171153625,16017,HTTP Request Pagina MedioPiccola,200,OK,Thread Group 1-13,text,true,,114344,128,30,30,http://192.168.1.172/FrancoCFA.html,3898,0,1476
1548171149986,21352,HTTP Request Pagina MedioGrande,200,OK,Thread Group 1-2,text,true,,1498246,127,30,30,http://192.168.1.172/Facebook.html,3634,0,1701
1548171142841,28565,HTTP Request Pagina MedioGrande,200,OK,Thread Group 1-5,text,true,,1498246,127,30,30,http://192.168.1.172/Facebook.html,3663,0,1825
1548171158621,16767,HTTP Request Pagina MedioPiccola,200,OK,Thread Group 1-7,text,true,,114344,128,30,30,http://192.168.1.172/FrancoCFA.html,4731,0,2149
1548171146743,29053,HTTP Request Pagina MedioGrande,200,OK,Thread Group 1-8,text,true,,1498246,127,30,30,http://192.168.1.172/Facebook.html,4324,0,2439
1548171147038,29013,HTTP Request Pagina MedioGrande,200,OK,Thread Group 1-10,text,true,,1498246,127,30,30,http://192.168.1.172/Facebook.html,4422,0,2517
1548171140843,35460,HTTP Request Immagine,200,OK,Thread Group 1-1,bin,true,,5266772,138,30,30,http://192.168.1.172/Sample-jpg-image-5mb.jpg,3961,0,2289
1548171140281,36496,HTTP Request Immagine,200,OK,Thread Group 1-29,bin,true,,5266772,138,30,30,http://192.168.1.172/Sample-jpg-image-5mb.jpg,4076,0,2258
1548171165567,11766,HTTP Request Pagina Piccola,200,OK,Thread Group 1-26,text,true,,29275,133,30,30,http://192.168.1.172/Instagramlogin.html,2904,0,1464
1548171165564,11770,HTTP Request Pagina Piccola,200,OK,Thread Group 1-30,text,true,,29275,133,30,30,http://192.168.1.172/Instagramlogin.html,2908,0,1466
1548171161073,16454,HTTP Request Pagina MedioPiccola,200,OK,Thread Group 1-6,text,true,,114344,128,30,30,http://192.168.1.172/FrancoCFA.html,5384,0,2510
1548171153811,24376,HTTP Request Pagina Media,200,OK,Thread Group 1-25,text,true,,470258,125,30,30,http://192.168.1.172/Amazon.html,3844,0,1623
1548171144617,34182,HTTP Request Immagine,200,OK,Thread Group 1-14,bin,true,,5266772,138,30,30,http://192.168.1.172/Sample-jpg-image-5mb.jpg,4268,0,1834
1548171167489,11321,HTTP Request Pagina Piccola,200,OK,Thread Group 1-4,text,true,,29275,133,30,30,http://192.168.1.172/Instagramlogin.html,3081,0,1163
1548171167844,11692,HTTP Request Pagina Piccola,200,OK,Thread Group 1-27,text,true,,29275,133,30,30,http://192.168.1.172/Instagramlogin.html,3552,0,1975
1548171168079,11930,HTTP Request Pagina Piccola,200,OK,Thread Group 1-17,text,true,,29275,133,30,30,http://192.168.1.172/Instagramlogin.html,3521,0,2012
1548171157741,22420,HTTP Request Pagina MedioGrande,200,OK,Thread Group 1-15,text,true,,1498246,127,30,30,http://192.168.1.172/Facebook.html,4207,0,1967
1548171166416,13799,HTTP Request Pagina MedioPiccola,200,OK,Thread Group 1-9,text,true,,114344,128,30,30,http://192.168.1.172/FrancoCFA.html,2329,0,1118
1548171153129,27909,HTTP Request Immagine,200,OK,Thread Group 1-16,bin,true,,5266772,138,30,30,http://192.168.1.172/Sample-jpg-image-5mb.jpg,3746,0,1425
1548171153544,27880,HTTP Request Immagine,200,OK,Thread Group 1-12,bin,true,,5266772,138,30,30,http://192.168.1.172/Sample-jpg-image-5mb.jpg,3805,0,1466
1548171160119,21315,HTTP Request Pagina Media,200,OK,Thread Group 1-20,text,true,,470258,125,30,30,http://192.168.1.172/Amazon.html,4317,0,2390
1548171160492,21196,HTTP Request Pagina Media,200,OK,Thread Group 1-3,text,true,,470258,125,30,30,http://192.168.1.172/Amazon.html,5469,0,2436
1548171161958,19978,HTTP Request Pagina Media,200,OK,Thread Group 1-24,text,true,,470258,125,30,30,http://192.168.1.172/Amazon.html,4727,0,2386
1548171169643,12782,HTTP Request Pagina MedioPiccola,200,OK,Thread Group 1-13,text,true,,114344,128,30,30,http://192.168.1.172/FrancoCFA.html,3723,0,1620
1548171176304,6171,HTTP Request Pagina MedioPiccola,200,OK,Thread Group 1-1,text,true,,114344,128,30,30,http://192.168.1.172/FrancoCFA.html,3165,0,1681
1548171180217,2545,HTTP Request Pagina Piccola,200,OK,Thread Group 1-9,text,true,,29275,133,30,30,http://192.168.1.172/Instagramlogin.html,1851,0,1314
1548171163933,19156,HTTP Request Pagina Media,200,OK,Thread Group 1-28,text,true,,470258,125,30,30,http://192.168.1.172/Amazon.html,3794,0,2633
1548171160593,22991,HTTP Request Pagina MedioGrande,200,OK,Thread Group 1-22,text,true,,1498246,127,30,30,http://192.168.1.172/Facebook.html,5605,0,2628
1548171178800,5412,HTTP Request Pagina Piccola,200,OK,Thread Group 1-14,text,true,,29275,133,30,30,http://192.168.1.172/Instagramlogin.html,2691,0,1365
1548171179537,5317,HTTP Request Pagina Piccola,200,OK,Thread Group 1-27,text,true,,29275,133,30,30,http://192.168.1.172/Instagramlogin.html,2293,0,1570
1548171182477,2456,HTTP Request Pagina Piccola,200,OK,Thread Group 1-1,text,true,,29275,133,30,30,http://192.168.1.172/Instagramlogin.html,1510,0,670
1548171176778,8400,HTTP Request Pagina MedioPiccola,200,OK,Thread Group 1-29,text,true,,114344,128,30,30,http://192.168.1.172/FrancoCFA.html,3315,0,1630
1548171163334,22056,HTTP Request Pagina MedioGrande,200,OK,Thread Group 1-21,text,true,,1498246,127,30,30,http://192.168.1.172/Facebook.html,4200,0,3017
1548171164192,22107,HTTP Request Pagina MedioGrande,200,OK,Thread Group 1-18,text,true,,1498246,127,30,30,http://192.168.1.172/Facebook.html,3657,0,2446
1548171181938,4529,HTTP Request Pagina MedioPiccola,200,OK,Thread Group 1-24,text,true,,114344,128,30,30,http://192.168.1.172/FrancoCFA.html,1302,0,636
1548171178810,7805,HTTP Request Pagina MedioPiccola,200,OK,Thread Group 1-4,text,true,,114344,128,30,30,http://192.168.1.172/FrancoCFA.html,2695,0,1360
1548171164434,22937,HTTP Request Pagina MedioGrande,200,OK,Thread Group 1-11,text,true,,1498246,127,30,30,http://192.168.1.172/Facebook.html,3519,0,2252
1548171184214,3366,HTTP Request Pagina Piccola,200,OK,Thread Group 1-14,text,true,,29275,133,30,30,http://192.168.1.172/Instagramlogin.html,2243,0,932
1548171180163,7514,HTTP Request Pagina MedioPiccola,200,OK,Thread Group 1-15,text,true,,114344,128,30,30,http://192.168.1.172/FrancoCFA.html,1842,0,1315
1548171166455,21279,HTTP Request Pagina MedioGrande,200,OK,Thread Group 1-19,text,true,,1498246,127,30,30,http://192.168.1.172/Facebook.html,2289,0,1080
1548171161109,26820,HTTP Request Immagine,200,OK,Thread Group 1-23,bin,true,,5266772,138,30,30,http://192.168.1.172/Sample-jpg-image-5mb.jpg,5355,0,2532
1548171171340,16815,HTTP Request Pagina Media,200,OK,Thread Group 1-2,text,true,,470258,125,30,30,http://192.168.1.172/Amazon.html,5194,0,2031
1548171177529,10878,HTTP Request Pagina Media,200,OK,Thread Group 1-6,text,true,,470258,125,30,30,http://192.168.1.172/Amazon.html,2830,0,1436
1548171183585,4872,HTTP Request Pagina MedioPiccola,200,OK,Thread Group 1-22,text,true,,114344,128,30,30,http://192.168.1.172/FrancoCFA.html,2036,0,824
1548171181690,8319,HTTP Request Pagina Media,200,OK,Thread Group 1-3,text,true,,470258,125,30,30,http://192.168.1.172/Amazon.html,1269,0,583
1548171182426,9926,HTTP Request Pagina Media,200,OK,Thread Group 1-13,text,true,,470258,125,30,30,http://192.168.1.172/Amazon.html,1523,0,705
1548171171408,21889,HTTP Request Pagina MedioGrande,200,OK,Thread Group 1-5,text,true,,1498246,127,30,30,http://192.168.1.172/Facebook.html,5259,0,2129
1548171186616,6735,HTTP Request Pagina Piccola,200,OK,Thread Group 1-4,text,true,,29275,133,30,30,http://192.168.1.172/Instagramlogin.html,1801,0,1114
1548171182763,10732,HTTP Request Pagina Media,200,OK,Thread Group 1-9,text,true,,470258,125,30,30,http://192.168.1.172/Amazon.html,1595,0,739
1548171187930,5649,HTTP Request Pagina MedioPiccola,200,OK,Thread Group 1-23,text,true,,114344,128,30,30,http://192.168.1.172/FrancoCFA.html,1274,0,527
1548171187736,5883,HTTP Request Pagina MedioPiccola,200,OK,Thread Group 1-19,text,true,,114344,128,30,30,http://192.168.1.172/FrancoCFA.html,1431,0,681
1548171184856,9471,HTTP Request Pagina MedioPiccola,200,OK,Thread Group 1-27,text,true,,114344,128,30,30,http://192.168.1.172/FrancoCFA.html,2433,0,1205
1548171188157,6279,HTTP Request Pagina MedioPiccola,200,OK,Thread Group 1-2,text,true,,114344,128,30,30,http://192.168.1.172/FrancoCFA.html,1390,0,547
1548171181425,13702,HTTP Request Pagina MedioGrande,200,OK,Thread Group 1-12,text,true,,1498246,127,30,30,http://192.168.1.172/Facebook.html,1133,0,492
1548171181435,13770,HTTP Request Pagina MedioGrande,200,OK,Thread Group 1-20,text,true,,1498246,127,30,30,http://192.168.1.172/Facebook.html,1151,0,481
1548171176052,19490,HTTP Request Pagina MedioGrande,200,OK,Thread Group 1-10,text,true,,1498246,127,30,30,http://192.168.1.172/Facebook.html,3390,0,1894
1548171181039,14557,HTTP Request Pagina MedioGrande,200,OK,Thread Group 1-16,text,true,,1498246,127,30,30,http://192.168.1.172/Facebook.html,1374,0,747
1548171177334,19794,HTTP Request Pagina MedioGrande,200,OK,Thread Group 1-26,text,true,,1498246,127,30,30,http://192.168.1.172/Facebook.html,2831,0,1459
1548171186468,10748,HTTP Request Pagina MedioPiccola,200,OK,Thread Group 1-24,text,true,,114344,128,30,30,http://192.168.1.172/FrancoCFA.html,1891,0,1113
1548171193352,6924,HTTP Request Pagina Piccola,200,OK,Thread Group 1-4,text,true,,29275,133,30,30,http://192.168.1.172/Instagramlogin.html,4252,0,1815
1548171187372,14619,HTTP Request Pagina Media,200,OK,Thread Group 1-11,text,true,,470258,125,30,30,http://192.168.1.172/Amazon.html,1351,0,811
1548171180011,23082,HTTP Request Immagine,200,OK,Thread Group 1-17,bin,true,,5266772,138,30,30,http://192.168.1.172/Sample-jpg-image-5mb.jpg,1950,0,1411
1548171188409,16317,HTTP Request Pagina Media,200,OK,Thread Group 1-6,text,true,,470258,125,30,30,http://192.168.1.172/Amazon.html,1526,0,726
1548171188459,16512,HTTP Request Pagina Media,200,OK,Thread Group 1-22,text,true,,470258,125,30,30,http://192.168.1.172/Amazon.html,1587,0,743
1548171175799,30130,HTTP Request Immagine,200,OK,Thread Group 1-8,bin,true,,5266772,138,30,30,http://192.168.1.172/Sample-jpg-image-5mb.jpg,3463,0,2007
1548171175390,31019,HTTP Request Immagine,200,OK,Thread Group 1-7,bin,true,,5266772,138,30,30,http://192.168.1.172/Sample-jpg-image-5mb.jpg,3704,0,2223
1548171185182,21441,HTTP Request Pagina Media,200,OK,Thread Group 1-29,text,true,,470258,125,30,30,http://192.168.1.172/Amazon.html,2435,0,1305
1548171177336,29639,HTTP Request Immagine,200,OK,Thread Group 1-30,bin,true,,5266772,138,30,30,http://192.168.1.172/Sample-jpg-image-5mb.jpg,2843,0,1458
1548171193298,13722,HTTP Request Pagina MedioPiccola,200,OK,Thread Group 1-5,text,true,,114344,128,30,30,http://192.168.1.172/FrancoCFA.html,4272,0,1826
1548171178189,29524,HTTP Request Immagine,200,OK,Thread Group 1-25,bin,true,,5266772,138,30,30,http://192.168.1.172/Sample-jpg-image-5mb.jpg,2839,0,1254
1548171187581,21131,HTTP Request Pagina MedioGrande,200,OK,Thread Group 1-14,text,true,,1498246,127,30,30,http://192.168.1.172/Facebook.html,1472,0,759
1548171195129,14965,HTTP Request Pagina Piccola,200,OK,Thread Group 1-12,text,true,,29275,133,30,30,http://192.168.1.172/Instagramlogin.html,4988,0,2441
1548171195598,14713,HTTP Request Pagina Piccola,200,OK,Thread Group 1-16,text,true,,29275,133,30,30,http://192.168.1.172/Instagramlogin.html,4932,0,2193
1548171192353,18713,HTTP Request Pagina MedioPiccola,200,OK,Thread Group 1-13,text,true,,114344,128,30,30,http://192.168.1.172/FrancoCFA.html,4450,0,1757
1548171183090,28123,HTTP Request Immagine,200,OK,Thread Group 1-28,bin,true,,5266772,138,30,30,http://192.168.1.172/Sample-jpg-image-5mb.jpg,1722,0,795
1548171197130,14279,HTTP Request Pagina Piccola,200,OK,Thread Group 1-26,text,true,,29275,133,30,30,http://192.168.1.172/Instagramlogin.html,4848,0,2076
1548171194438,18695,HTTP Request Pagina MedioPiccola,200,OK,Thread Group 1-2,text,true,,114344,128,30,30,http://192.168.1.172/FrancoCFA.html,4807,0,2719
1548171184935,28818,HTTP Request Immagine,200,OK,Thread Group 1-1,bin,true,,5266772,138,30,30,http://192.168.1.172/Sample-jpg-image-5mb.jpg,2460,0,1244
1548171200277,13582,HTTP Request Pagina Piccola,200,OK,Thread Group 1-4,text,true,,29275,133,30,30,http://192.168.1.172/Instagramlogin.html,6825,0,2921
1548171195207,18675,HTTP Request Pagina MedioPiccola,200,OK,Thread Group 1-20,text,true,,114344,128,30,30,http://192.168.1.172/FrancoCFA.html,5069,0,2422
1548171185391,28926,HTTP Request Immagine,200,OK,Thread Group 1-21,bin,true,,5266772,138,30,30,http://192.168.1.172/Sample-jpg-image-5mb.jpg,2385,0,1310
1548171190011,24408,HTTP Request Pagina Media,200,OK,Thread Group 1-3,text,true,,470258,125,30,30,http://192.168.1.172/Amazon.html,3568,0,1865
1548171206625,8687,HTTP Request Pagina MedioPiccola,200,OK,Thread Group 1-29,text,true,,114344,128,30,30,http://192.168.1.172/FrancoCFA.html,3287,0,1611
1548171187678,29220,HTTP Request Immagine,200,OK,Thread Group 1-15,bin,true,,5266772,138,30,30,http://192.168.1.172/Sample-jpg-image-5mb.jpg,1475,0,728
1548171206977,10624,HTTP Request Pagina Piccola,200,OK,Thread Group 1-30,text,true,,29275,133,30,30,http://192.168.1.172/Instagramlogin.html,3107,0,1365
1548171208714,8967,HTTP Request Pagina MedioPiccola,200,OK,Thread Group 1-14,text,true,,114344,128,30,30,http://192.168.1.172/FrancoCFA.html,3496,0,1588
1548171186301,32237,HTTP Request Immagine,200,OK,Thread Group 1-18,bin,true,,5266772,138,30,30,http://192.168.1.172/Sample-jpg-image-5mb.jpg,1947,0,1140
1548171203093,16252,HTTP Request Pagina MedioPiccola,200,OK,Thread Group 1-17,text,true,,114344,128,30,30,http://192.168.1.172/FrancoCFA.html,5308,0,3917
1548171195543,24208,HTTP Request Pagina Media,200,OK,Thread Group 1-10,text,true,,470258,125,30,30,http://192.168.1.172/Amazon.html,4980,0,2248
1548171207021,13134,HTTP Request Pagina MedioPiccola,200,OK,Thread Group 1-5,text,true,,114344,128,30,30,http://192.168.1.172/FrancoCFA.html,3156,0,1460
1548171211213,9643,HTTP Request Pagina Piccola,200,OK,Thread Group 1-28,text,true,,29275,133,30,30,http://192.168.1.172/Instagramlogin.html,3627,0,1692
1548171217682,3625,HTTP Request Pagina Piccola,200,OK,Thread Group 1-14,text,true,,29275,133,30,30,http://192.168.1.172/Instagramlogin.html,2489,0,969
1548171193496,28271,HTTP Request Pagina MedioGrande,200,OK,Thread Group 1-9,text,true,,1498246,127,30,30,http://192.168.1.172/Facebook.html,4313,0,1881
1548171194329,27827,HTTP Request Pagina MedioGrande,200,OK,Thread Group 1-27,text,true,,1498246,127,30,30,http://192.168.1.172/Facebook.html,4764,0,2694
1548171210096,12306,HTTP Request Pagina MedioPiccola,200,OK,Thread Group 1-12,text,true,,114344,128,30,30,http://192.168.1.172/FrancoCFA.html,3739,0,1744
1548171215313,7120,HTTP Request Pagina MedioPiccola,200,OK,Thread Group 1-29,text,true,,114344,128,30,30,http://192.168.1.172/FrancoCFA.html,3301,0,2276
1548171219346,3200,HTTP Request Pagina Piccola,200,OK,Thread Group 1-17,text,true,,29275,133,30,30,http://192.168.1.172/Instagramlogin.html,1906,0,808
1548171211067,13806,HTTP Request Pagina Media,200,OK,Thread Group 1-13,text,true,,470258,125,30,30,http://192.168.1.172/Amazon.html,3756,0,1832
1548171221309,4827,HTTP Request Pagina Piccola,200,OK,Thread Group 1-14,text,true,,29275,133,30,30,http://192.168.1.172/Instagramlogin.html,2766,0,1248
1548171193621,35330,HTTP Request Immagine,200,OK,Thread Group 1-19,bin,true,,5266772,138,30,30,http://192.168.1.172/Sample-jpg-image-5mb.jpg,4189,0,1874
1548171193581,35764,HTTP Request Immagine,200,OK,Thread Group 1-23,bin,true,,5266772,138,30,30,http://192.168.1.172/Sample-jpg-image-5mb.jpg,4228,0,1855
1548171197217,33285,HTTP Request Immagine,200,OK,Thread Group 1-24,bin,true,,5266772,138,30,30,http://192.168.1.172/Sample-jpg-image-5mb.jpg,4721,0,2055
1548171213755,17045,HTTP Request Pagina Media,200,OK,Thread Group 1-1,text,true,,470258,125,30,30,http://192.168.1.172/Amazon.html,3835,0,1527
1548171220858,11577,HTTP Request Pagina Piccola,200,OK,Thread Group 1-28,text,true,,29275,133,30,30,http://192.168.1.172/Instagramlogin.html,2561,0,1174
1548171205930,26885,HTTP Request Immagine,200,OK,Thread Group 1-8,bin,true,,5266772,138,30,30,http://192.168.1.172/Sample-jpg-image-5mb.jpg,3399,0,1837
1548171219752,14744,HTTP Request Pagina Media,200,OK,Thread Group 1-10,text,true,,470258,125,30,30,http://192.168.1.172/Amazon.html,1960,0,842
1548171207715,27708,HTTP Request Pagina MedioGrande,200,OK,Thread Group 1-25,text,true,,1498246,127,30,30,http://192.168.1.172/Facebook.html,3319,0,1578
1548171222157,13452,HTTP Request Pagina Piccola,200,OK,Thread Group 1-27,text,true,,29275,133,30,30,http://192.168.1.172/Instagramlogin.html,3159,0,1383
1548171222435,13211,HTTP Request Pagina Piccola,200,OK,Thread Group 1-29,text,true,,29275,133,30,30,http://192.168.1.172/Instagramlogin.html,3435,0,1469
1548171213861,22102,HTTP Request Pagina Media,200,OK,Thread Group 1-4,text,true,,470258,125,30,30,http://192.168.1.172/Amazon.html,3895,0,1564
1548171214318,22588,HTTP Request Pagina Media,200,OK,Thread Group 1-21,text,true,,470258,125,30,30,http://192.168.1.172/Amazon.html,3628,0,2324
1548171201992,35319,HTTP Request Immagine,200,OK,Thread Group 1-11,bin,true,,5266772,138,30,30,http://192.168.1.172/Sample-jpg-image-5mb.jpg,6062,0,4417
1548171216898,20682,HTTP Request Pagina Media,200,OK,Thread Group 1-15,text,true,,470258,125,30,30,http://192.168.1.172/Amazon.html,2914,0,1153
1548171224875,15470,HTTP Request Pagina Piccola,200,OK,Thread Group 1-13,text,true,,29275,133,30,30,http://192.168.1.172/Instagramlogin.html,4672,0,2558
1548171204727,35850,HTTP Request Immagine,200,OK,Thread Group 1-6,bin,true,,5266772,138,30,30,http://192.168.1.172/Sample-jpg-image-5mb.jpg,4396,0,2776
1548171204973,35605,HTTP Request Immagine,200,OK,Thread Group 1-22,bin,true,,5266772,138,30,30,http://192.168.1.172/Sample-jpg-image-5mb.jpg,4320,0,2732
1548171222403,18273,HTTP Request Pagina MedioPiccola,200,OK,Thread Group 1-12,text,true,,114344,128,30,30,http://192.168.1.172/FrancoCFA.html,3428,0,1451
1548171217602,23510,HTTP Request Pagina MedioGrande,200,OK,Thread Group 1-30,text,true,,1498246,127,30,30,http://192.168.1.172/Facebook.html,2551,0,972
1548171206412,36070,HTTP Request Immagine,200,OK,Thread Group 1-7,bin,true,,5266772,138,30,30,http://192.168.1.172/Sample-jpg-image-5mb.jpg,3255,0,1638
1548171228953,13817,HTTP Request Pagina Piccola,200,OK,Thread Group 1-19,text,true,,29275,133,30,30,http://192.168.1.172/Instagramlogin.html,4459,0,2359
1548171230503,14172,HTTP Request Pagina Piccola,200,OK,Thread Group 1-24,text,true,,29275,133,30,30,http://192.168.1.172/Instagramlogin.html,5161,0,2304
1548171226138,20450,HTTP Request Pagina MedioPiccola,200,OK,Thread Group 1-14,text,true,,114344,128,30,30,http://192.168.1.172/FrancoCFA.html,5324,0,2980
1548171221768,25046,HTTP Request Pagina Media,200,OK,Thread Group 1-9,text,true,,470258,125,29,29,http://192.168.1.172/Amazon.html,2900,0,1245
1548171232436,14649,HTTP Request Pagina Piccola,200,OK,Thread Group 1-28,text,true,,29275,133,28,28,http://192.168.1.172/Instagramlogin.html,5674,0,2937
1548171210313,42789,HTTP Request Immagine,200,OK,Thread Group 1-16,bin,true,,5266772,138,27,27,http://192.168.1.172/Sample-jpg-image-5mb.jpg,3839,0,1915
1548171214420,40836,HTTP Request Immagine,200,OK,Thread Group 1-3,bin,true,,5266772,138,26,26,http://192.168.1.172/Sample-jpg-image-5mb.jpg,3631,0,2338
1548171213134,42422,HTTP Request Immagine,200,OK,Thread Group 1-2,bin,true,,5266772,138,25,25,http://192.168.1.172/Sample-jpg-image-5mb.jpg,4077,0,1870
1548171213885,41673,HTTP Request Immagine,200,OK,Thread Group 1-20,bin,true,,5266772,138,25,25,http://192.168.1.172/Sample-jpg-image-5mb.jpg,3848,0,1541
1548171211411,44148,HTTP Request Immagine,200,OK,Thread Group 1-26,bin,true,,5266772,138,25,25,http://192.168.1.172/Sample-jpg-image-5mb.jpg,3834,0,2206
1548171218539,37026,HTTP Request Immagine,200,OK,Thread Group 1-18,bin,true,,5266772,138,24,24,http://192.168.1.172/Sample-jpg-image-5mb.jpg,2610,0,1547
1548171235964,20574,HTTP Request Pagina MedioPiccola,200,OK,Thread Group 1-4,text,true,,114344,128,21,21,http://192.168.1.172/FrancoCFA.html,5152,0,2857
1548171236907,19906,HTTP Request Pagina MedioPiccola,200,OK,Thread Group 1-21,text,true,,114344,128,20,20,http://192.168.1.172/FrancoCFA.html,5527,0,2895
1548171235611,21293,HTTP Request Pagina MedioPiccola,200,OK,Thread Group 1-27,text,true,,114344,128,19,19,http://192.168.1.172/FrancoCFA.html,4968,0,2774
1548171237313,19599,HTTP Request Pagina MedioPiccola,200,OK,Thread Group 1-11,text,true,,114344,128,18,18,http://192.168.1.172/FrancoCFA.html,5328,0,2722
1548171235647,21414,HTTP Request Pagina MedioPiccola,200,OK,Thread Group 1-29,text,true,,114344,128,17,17,http://192.168.1.172/FrancoCFA.html,4971,0,2785
1548171222547,34946,HTTP Request Immagine,200,OK,Thread Group 1-17,bin,true,,5266772,138,16,16,http://192.168.1.172/Sample-jpg-image-5mb.jpg,3476,0,1489
1548171240580,17266,HTTP Request Pagina MedioPiccola,200,OK,Thread Group 1-22,text,true,,114344,128,15,15,http://192.168.1.172/FrancoCFA.html,4018,0,2133
1548171229346,29962,HTTP Request Pagina MedioGrande,200,OK,Thread Group 1-23,text,true,,1498246,127,14,14,http://192.168.1.172/Facebook.html,4895,0,2224
1548171220157,41449,HTTP Request Immagine,200,OK,Thread Group 1-5,bin,true,,5266772,138,13,13,http://192.168.1.172/Sample-jpg-image-5mb.jpg,2387,0,1107
1548171234498,33440,HTTP Request Immagine,200,OK,Thread Group 1-10,bin,true,,5266772,138,12,12,http://192.168.1.172/Sample-jpg-image-5mb.jpg,5397,0,2603
1548171240347,29256,HTTP Request Pagina MedioGrande,200,OK,Thread Group 1-13,text,true,,1498246,127,11,11,http://192.168.1.172/Facebook.html,4251,0,2357
1548171232817,36793,HTTP Request Immagine,200,OK,Thread Group 1-8,bin,true,,5266772,138,11,11,http://192.168.1.172/Sample-jpg-image-5mb.jpg,5576,0,2795
1548171230802,39787,HTTP Request Immagine,200,OK,Thread Group 1-1,bin,true,,5266772,138,9,9,http://192.168.1.172/Sample-jpg-image-5mb.jpg,4863,0,2110
1548171242482,28443,HTTP Request Pagina MedioGrande,200,OK,Thread Group 1-7,text,true,,1498246,127,8,8,http://192.168.1.172/Facebook.html,4268,0,1907
1548171241114,29837,HTTP Request Pagina MedioGrande,200,OK,Thread Group 1-30,text,true,,1498246,127,7,7,http://192.168.1.172/Facebook.html,4192,0,2151
1548171237582,33398,HTTP Request Pagina MedioGrande,200,OK,Thread Group 1-15,text,true,,1498246,127,6,6,http://192.168.1.172/Facebook.html,5123,0,2789
1548171235425,39376,HTTP Request Immagine,200,OK,Thread Group 1-25,bin,true,,5266772,138,5,5,http://192.168.1.172/Sample-jpg-image-5mb.jpg,5145,0,2714
1548171240578,35171,HTTP Request Immagine,200,OK,Thread Group 1-6,bin,true,,5266772,138,4,4,http://192.168.1.172/Sample-jpg-image-5mb.jpg,4020,0,2132
1548171240677,36086,HTTP Request Immagine,200,OK,Thread Group 1-12,bin,true,,5266772,138,3,3,http://192.168.1.172/Sample-jpg-image-5mb.jpg,4027,0,2130
1548171242772,34038,HTTP Request Immagine,200,OK,Thread Group 1-19,bin,true,,5266772,138,2,2,http://192.168.1.172/Sample-jpg-image-5mb.jpg,4555,0,1908
1548171244676,32670,HTTP Request Immagine,200,OK,Thread Group 1-24,bin,true,,5266772,138,1,1,http://192.168.1.172/Sample-jpg-image-5mb.jpg,7088,0,2596
